"[00, 0]","[53.856, 43.039, 1577.118, 54.111]"
"[01, 300]","[16.272, 1220.657, 16.088, 14.819]"
"[01, 400]","[0.0, 0.0, 0.0, 137.165]"
"[01, 500]","[19.181, 1330.881, 18.639, 15.15]"
"[01, 600]","[19.332, 12.419, 1266.203, 8.992]"
"[02, 1000]","[1.861, 2.654, 754.412, 3.132]"
"[02, 1100]","[12.071, 11.683, 10.358, 1066.362]"
"[02, 1200]","[5.822, 672.716, 2.56, 5.178]"
"[02, 600]","[338.528, 2.098, 2.499, 1.454]"
"[02, 700]","[1.823, 9.075, 9.096, 935.05]"
"[02, 800]","[4.426, 3.389, 855.22, 5.866]"
"[02, 900]","[12.77, 1238.537, 10.913, 19.105]"
"[03, 1000]","[494.478, 2.299, 0.0, 1.624]"
"[03, 1100]","[0.0, 377.974, 2.602, 0.0]"
"[03, 1200]","[1.741, 2.427, 2.681, 672.446]"
"[03, 1300]","[1023.247, 11.222, 15.541, 11.533]"
"[03, 1400]","[4.269, 4.666, 1020.847, 6.478]"
"[03, 1500]","[5.714, 5.677, 917.902, 4.128]"
"[03, 1600]","[639.437, 5.887, 2.522, 4.003]"
"[03, 1700]","[4.623, 4.158, 744.121, 3.916]"
"[03, 1800]","[0.644, 0.447, 232.9, 0.729]"
"[03, 900]","[0.0, 0.0, 35.626, 0.52]"
"[04, 1220]","[0.0, 0.447, 0.457, 15.728]"
"[04, 1320]","[0.0, 0.0, 72.589, 0.0]"
"[04, 1340]","[238.425, 0.545, 1.039, 0.614]"
"[04, 1420]","[49.416, 0.0, 0.0, 0.554]"
"[04, 1440]","[2.271, 0.449, 0.0, 169.454]"
"[04, 1520]","[406.177, 1.097, 0.534, 1.26]"
"[04, 1540]","[0.0, 0.0, 0.0, 6.728]"
"[04, 1620]","[3.307, 1.622, 489.625, 1.576]"
"[04, 1640]","[4.771, 4.566, 2.759, 617.076]"
"[04, 1720]","[0.0, 2.574, 677.108, 6.407]"
"[04, 1740]","[0.0, 0.0, 0.0, 13.122]"
"[04, 1820]","[6.976, 5.231, 878.238, 7.163]"
"[04, 1840]","[0.0, 0.0, 0.0, 14.794]"
"[04, 1920]","[4.727, 5.319, 8.775, 867.298]"
"[04, 1940]","[1.908, 293.113, 0.62, 0.554]"
"[04, 2020]","[5.268, 4.254, 879.895, 7.015]"
"[04, 2040]","[5.844, 0.0, 0.0, 0.0]"
"[04, 2120]","[531.205, 1.855, 0.948, 4.022]"
"[04, 2140]","[1.378, 0.0, 0.0, 0.0]"
"[04, 2220]","[1.463, 1.282, 2.145, 512.434]"
"[04, 2320]","[0.447, 0.976, 3.081, 363.353]"
"[04, 2420]","[0.0, 0.0, 68.948, 0.492]"
"[05, 1540]","[7.996, 0.0, 0.0, 0.0]"
"[05, 1560]","[0.0, 0.0, 0.452, 0.0]"
"[05, 1640]","[0.0, 18.095, 0.0, 0.0]"
"[05, 1660]","[0.0, 0.0, 0.0, 37.812]"
"[05, 1680]","[94.197, 0.0, 0.495, 0.455]"
"[05, 1740]","[7.914, 0.0, 0.0, 0.0]"
"[05, 1760]","[0.0, 91.476, 0.549, 0.0]"
"[05, 1780]","[2.364, 0.0, 0.0, 0.0]"
"[05, 1840]","[0.0, 97.739, 0.643, 0.0]"
"[05, 1860]","[1.523, 211.246, 0.496, 0.483]"
"[05, 1940]","[0.0, 1.659, 210.972, 1.21]"
"[05, 1960]","[1.823, 2.687, 1.189, 398.423]"
"[05, 1980]","[5.275, 0.447, 0.0, 0.487]"
"[05, 2040]","[0.0, 0.448, 2.943, 387.861]"
"[05, 2060]","[0.0, 78.682, 0.459, 0.972]"
"[05, 2140]","[3.188, 2.579, 3.59, 607.587]"
"[05, 2160]","[0.0, 0.45, 0.0, 199.216]"
"[05, 2240]","[2.506, 1.88, 656.881, 0.803]"
"[05, 2260]","[0.654, 2.295, 0.627, 426.863]"
"[05, 2280]","[0.0, 140.004, 0.0, 0.455]"
"[05, 2340]","[4.35, 3.429, 5.846, 753.805]"
"[05, 2360]","[0.0, 0.0, 22.788, 0.0]"
"[05, 2380]","[0.0, 0.929, 0.0, 0.0]"
"[05, 2440]","[0.8, 2.776, 3.842, 616.763]"
"[05, 2460]","[1.152, 0.454, 1.314, 291.434]"
"[05, 2480]","[0.0, 0.0, 0.943, 0.0]"
"[05, 2540]","[717.601, 3.066, 4.866, 6.161]"
"[05, 2560]","[0.496, 0.483, 0.0, 107.26]"
"[05, 2640]","[2.605, 0.962, 582.363, 4.108]"
"[05, 2660]","[0.0, 0.0, 3.923, 0.0]"
"[05, 2740]","[2.164, 270.726, 0.724, 0.769]"
"[05, 2840]","[1.405, 0.561, 1.079, 306.061]"
"[05, 2940]","[0.523, 0.0, 174.168, 0.546]"
"[05, 3040]","[0.0, 0.0, 0.0, 19.149]"
"[06, 1860]","[0.0, 0.472, 0.0, 0.0]"
"[06, 1880]","[0.0, 0.0, 2.745, 0.0]"
"[06, 1960]","[0.0, 0.0, 0.0, 2.321]"
"[06, 1980]","[0.0, 23.835, 0.0, 0.0]"
"[06, 2000]","[0.0, 9.821, 0.0, 0.0]"
"[06, 2020]","[0.0, 41.683, 0.464, 0.0]"
"[06, 2060]","[0.0, 0.0, 0.0, 1.884]"
"[06, 2080]","[10.433, 0.0, 0.0, 0.0]"
"[06, 2100]","[0.0, 37.139, 0.0, 0.0]"
"[06, 2120]","[0.0, 0.943, 0.0, 0.0]"
"[06, 2160]","[0.0, 0.0, 0.0, 17.693]"
"[06, 2180]","[0.0, 0.477, 75.808, 0.0]"
"[06, 2200]","[1.0, 115.875, 0.468, 0.0]"
"[06, 2260]","[0.0, 0.0, 0.522, 74.29]"
"[06, 2280]","[0.951, 201.181, 0.0, 0.97]"
"[06, 2300]","[28.157, 0.0, 0.0, 0.0]"
"[06, 2320]","[0.0, 0.0, 0.0, 0.939]"
"[06, 2360]","[154.634, 1.01, 0.0, 0.557]"
"[06, 2380]","[0.0, 83.885, 0.469, 0.474]"
"[06, 2400]","[0.0, 0.0, 31.153, 0.0]"
"[06, 2460]","[1.691, 327.621, 1.518, 1.191]"
"[06, 2480]","[209.809, 0.0, 1.005, 0.0]"
"[06, 2500]","[0.0, 0.0, 4.355, 0.0]"
"[06, 2560]","[0.515, 360.48, 0.554, 0.583]"
"[06, 2580]","[1.095, 329.931, 2.149, 0.595]"
"[06, 2600]","[21.241, 0.0, 0.0, 0.0]"
"[06, 2620]","[77.245, 0.0, 0.0, 0.483]"
"[06, 2660]","[512.228, 0.0, 2.29, 2.799]"
"[06, 2680]","[68.792, 1.013, 0.473, 0.0]"
"[06, 2700]","[0.0, 0.0, 0.0, 0.547]"
"[06, 2720]","[0.0, 0.0, 0.591, 0.0]"
"[06, 2760]","[586.728, 3.731, 0.462, 1.709]"
"[06, 2780]","[251.581, 0.632, 0.506, 0.544]"
"[06, 2800]","[0.0, 0.0, 29.323, 0.0]"
"[06, 2860]","[0.514, 2.179, 0.513, 474.417]"
"[06, 2880]","[1.687, 466.003, 3.32, 2.68]"
"[06, 2900]","[1.41, 50.09, 0.0, 0.474]"
"[06, 2960]","[0.0, 569.48, 3.121, 4.209]"
"[06, 2980]","[0.0, 68.478, 0.0, 0.0]"
"[06, 3000]","[0.0, 0.0, 0.0, 0.498]"
"[06, 3060]","[1.036, 3.967, 1.675, 465.073]"
"[06, 3080]","[0.98, 0.0, 0.654, 236.895]"
"[06, 3100]","[0.0, 0.483, 0.0, 0.0]"
"[06, 3160]","[3.22, 1.734, 0.556, 480.742]"
"[06, 3180]","[0.0, 0.489, 0.0, 40.274]"
"[06, 3260]","[0.992, 0.0, 1.549, 285.434]"
"[06, 3280]","[0.0, 0.0, 0.0, 0.914]"
"[06, 3360]","[0.586, 0.0, 0.0, 130.442]"
"[06, 3460]","[174.923, 0.0, 0.0, 0.0]"
"[06, 3560]","[59.863, 0.513, 0.464, 0.0]"
"[06, 3660]","[0.0, 0.0, 0.0, 6.531]"
"[07, 2160]","[0.0, 0.0, 0.465, 0.0]"
"[07, 2240]","[0.471, 0.0, 0.0, 0.0]"
"[07, 2260]","[1.848, 0.0, 0.0, 0.0]"
"[07, 2280]","[0.0, 1.418, 0.0, 0.0]"
"[07, 2300]","[0.0, 0.0, 0.0, 3.7]"
"[07, 2340]","[0.0, 0.939, 0.0, 0.0]"
"[07, 2360]","[0.457, 0.0, 0.0, 2.821]"
"[07, 2380]","[0.0, 4.17, 0.0, 0.463]"
"[07, 2400]","[10.233, 0.0, 0.0, 0.0]"
"[07, 2420]","[6.087, 0.0, 0.0, 0.0]"
"[07, 2440]","[0.472, 0.0, 0.0, 24.642]"
"[07, 2460]","[0.924, 0.0, 0.476, 31.37]"
"[07, 2480]","[0.0, 11.28, 0.0, 0.0]"
"[07, 2500]","[0.0, 0.0, 16.9, 0.0]"
"[07, 2520]","[0.0, 15.688, 0.0, 0.478]"
"[07, 2540]","[0.489, 0.0, 0.0, 32.056]"
"[07, 2560]","[0.0, 0.0, 25.568, 0.0]"
"[07, 2580]","[0.0, 0.0, 8.819, 0.0]"
"[07, 2600]","[0.0, 0.0, 7.063, 0.0]"
"[07, 2620]","[0.478, 0.474, 61.05, 0.0]"
"[07, 2640]","[0.0, 0.0, 29.864, 0.0]"
"[07, 2660]","[0.0, 0.0, 30.659, 0.0]"
"[07, 2680]","[0.0, 0.0, 0.0, 35.92]"
"[07, 2700]","[0.0, 102.148, 0.0, 0.0]"
"[07, 2720]","[0.0, 21.973, 0.0, 0.0]"
"[07, 2740]","[0.0, 0.0, 61.502, 0.0]"
"[07, 2760]","[0.0, 0.0, 63.885, 0.0]"
"[07, 2780]","[64.912, 0.0, 0.0, 0.943]"
"[07, 2800]","[0.0, 71.792, 0.0, 0.986]"
"[07, 2820]","[34.001, 0.0, 0.0, 0.0]"
"[07, 2840]","[1.207, 0.0, 0.0, 100.831]"
"[07, 2860]","[0.0, 58.783, 0.0, 0.0]"
"[07, 2880]","[192.876, 0.545, 0.468, 0.498]"
"[07, 2900]","[0.0, 0.478, 1.636, 150.579]"
"[07, 2920]","[7.68, 0.0, 0.498, 0.0]"
"[07, 2940]","[0.0, 0.0, 0.544, 162.52]"
"[07, 2960]","[0.0, 0.0, 69.151, 0.0]"
"[07, 2980]","[0.0, 216.515, 0.0, 0.0]"
"[07, 3000]","[1.139, 0.0, 200.03, 1.569]"
"[07, 3020]","[17.813, 0.0, 0.0, 0.0]"
"[07, 3040]","[0.0, 195.395, 0.464, 0.0]"
"[07, 3060]","[0.0, 113.489, 0.474, 1.432]"
"[07, 3080]","[0.492, 0.995, 319.088, 0.514]"
"[07, 3100]","[0.0, 0.0, 0.959, 119.782]"
"[07, 3120]","[3.015, 0.0, 0.0, 0.0]"
"[07, 3140]","[1.626, 0.473, 380.662, 1.095]"
"[07, 3160]","[0.0, 0.483, 0.516, 95.692]"
"[07, 3180]","[1.131, 2.862, 1.786, 396.142]"
"[07, 3200]","[0.0, 228.47, 0.562, 1.609]"
"[07, 3220]","[5.562, 0.0, 0.0, 0.0]"
"[07, 3240]","[2.501, 1.705, 322.498, 1.704]"
"[07, 3260]","[0.0, 83.813, 0.0, 0.496]"
"[07, 3280]","[1.199, 1.595, 1.514, 212.356]"
"[07, 3300]","[0.526, 301.952, 0.0, 0.487]"
"[07, 3320]","[0.0, 0.0, 23.527, 0.0]"
"[07, 3340]","[0.0, 331.563, 0.542, 1.132]"
"[07, 3360]","[0.502, 0.492, 0.495, 215.129]"
"[07, 3380]","[0.495, 453.528, 1.562, 1.083]"
"[07, 3400]","[0.0, 0.0, 0.0, 91.462]"
"[07, 3420]","[0.0, 0.0, 9.52, 0.0]"
"[07, 3440]","[3.233, 1.501, 0.667, 370.031]"
"[07, 3460]","[32.639, 0.0, 0.0, 0.0]"
"[07, 3480]","[0.651, 253.259, 0.569, 1.697]"
"[07, 3500]","[0.0, 0.0, 186.862, 0.0]"
"[07, 3520]","[0.0, 0.0, 18.131, 0.0]"
"[07, 3540]","[238.537, 0.0, 0.512, 0.582]"
"[07, 3560]","[0.0, 49.043, 0.463, 0.0]"
"[07, 3580]","[0.0, 0.555, 0.0, 224.2]"
"[07, 3600]","[23.919, 0.0, 0.0, 0.0]"
"[07, 3640]","[0.49, 0.0, 0.524, 171.355]"
"[07, 3660]","[0.0, 7.006, 0.0, 0.0]"
"[07, 3680]","[0.507, 242.611, 1.001, 0.652]"
"[07, 3700]","[107.909, 0.0, 0.0, 0.48]"
"[07, 3740]","[0.983, 0.539, 1.052, 78.96]"
"[07, 3760]","[0.0, 0.0, 0.0, 0.46]"
"[07, 3780]","[248.368, 0.558, 1.256, 0.969]"
"[07, 3800]","[0.0, 0.0, 12.884, 0.0]"
"[07, 3840]","[0.0, 31.783, 0.0, 0.0]"
"[07, 3880]","[0.468, 0.0, 1.731, 196.213]"
"[07, 3900]","[0.0, 0.0, 0.455, 0.0]"
"[07, 3940]","[0.0, 0.0, 0.464, 49.339]"
"[07, 3980]","[0.491, 0.0, 0.464, 87.343]"
"[07, 4040]","[0.0, 0.0, 0.0, 17.187]"
"[07, 4080]","[0.522, 0.0, 41.092, 0.0]"
"[07, 4140]","[0.455, 0.0, 0.914, 0.0]"
"[07, 4180]","[13.483, 0.0, 0.489, 0.46]"
"[07, 4280]","[0.0, 0.0, 0.0, 2.905]"
"[08, 2540]","[0.0, 0.0, 0.0, 0.462]"
"[08, 2580]","[0.0, 0.925, 0.0, 0.0]"
"[08, 2620]","[0.0, 0.0, 0.464, 0.0]"
"[08, 2640]","[0.0, 0.0, 0.0, 0.93]"
"[08, 2660]","[0.0, 0.925, 0.0, 0.0]"
"[08, 2680]","[0.0, 0.0, 1.858, 0.0]"
"[08, 2700]","[0.0, 0.0, 0.0, 1.853]"
"[08, 2720]","[0.0, 9.24, 0.463, 0.0]"
"[08, 2740]","[0.0, 0.0, 12.486, 0.0]"
"[08, 2760]","[1.849, 0.0, 0.0, 0.0]"
"[08, 2780]","[0.0, 9.692, 0.0, 0.0]"
"[08, 2800]","[0.0, 3.269, 0.0, 0.0]"
"[08, 2820]","[0.0, 0.0, 0.0, 16.166]"
"[08, 2840]","[0.0, 13.979, 0.0, 0.0]"
"[08, 2860]","[0.0, 2.79, 0.0, 0.0]"
"[08, 2880]","[5.587, 0.0, 0.0, 0.0]"
"[08, 2900]","[26.072, 0.0, 0.0, 0.0]"
"[08, 2920]","[0.0, 19.578, 0.0, 0.505]"
"[08, 2940]","[24.55, 0.0, 0.465, 0.0]"
"[08, 2960]","[0.0, 0.0, 0.0, 13.368]"
"[08, 2980]","[0.0, 0.509, 0.0, 20.7]"
"[08, 3000]","[0.0, 0.0, 0.0, 9.9]"
"[08, 3020]","[0.0, 0.0, 30.125, 0.0]"
"[08, 3040]","[36.593, 0.0, 0.0, 0.0]"
"[08, 3060]","[0.0, 19.878, 0.0, 0.548]"
"[08, 3080]","[0.0, 24.947, 0.485, 0.0]"
"[08, 3100]","[0.0, 33.651, 0.0, 0.0]"
"[08, 3120]","[84.5, 0.0, 0.474, 0.0]"
"[08, 3140]","[0.0, 0.497, 0.0, 28.556]"
"[08, 3160]","[0.0, 0.539, 0.0, 43.243]"
"[08, 3180]","[0.476, 0.476, 0.471, 92.504]"
"[08, 3200]","[0.0, 0.0, 33.416, 0.0]"
"[08, 3220]","[0.996, 121.32, 1.08, 0.492]"
"[08, 3240]","[0.0, 0.474, 70.903, 0.0]"
"[08, 3260]","[48.486, 0.495, 0.0, 0.0]"
"[08, 3280]","[0.0, 0.486, 0.511, 102.052]"
"[08, 3300]","[0.0, 0.0, 116.134, 0.0]"
"[08, 3320]","[0.569, 0.576, 0.0, 77.264]"
"[08, 3340]","[0.0, 31.713, 0.481, 0.0]"
"[08, 3360]","[1.063, 0.476, 1.002, 190.588]"
"[08, 3380]","[0.0, 0.518, 91.778, 0.523]"
"[08, 3400]","[110.703, 0.559, 0.482, 0.517]"
"[08, 3420]","[0.546, 1.102, 0.611, 193.355]"
"[08, 3440]","[0.538, 0.535, 77.051, 0.517]"
"[08, 3460]","[1.267, 0.594, 1.152, 322.211]"
"[08, 3480]","[156.047, 0.519, 0.0, 0.511]"
"[08, 3500]","[0.549, 0.513, 48.233, 0.0]"
"[08, 3520]","[0.548, 1.696, 0.556, 209.901]"
"[08, 3540]","[0.0, 34.51, 0.0, 0.0]"
"[08, 3560]","[1.05, 1.184, 1.581, 266.547]"
"[08, 3580]","[84.647, 0.0, 0.0, 0.0]"
"[08, 3600]","[0.505, 0.0, 87.8, 0.97]"
"[08, 3620]","[1.019, 1.026, 330.191, 3.838]"
"[08, 3640]","[0.0, 0.0, 0.515, 111.201]"
"[08, 3660]","[203.116, 0.675, 0.0, 0.468]"
"[08, 3680]","[0.0, 0.0, 136.073, 0.0]"
"[08, 3700]","[0.0, 120.16, 1.006, 0.0]"
"[08, 3720]","[2.437, 399.064, 0.0, 0.0]"
"[08, 3740]","[0.0, 0.0, 17.073, 0.0]"
"[08, 3760]","[0.0, 0.641, 326.574, 0.768]"
"[08, 3780]","[1.511, 0.542, 0.529, 153.995]"
"[08, 3800]","[367.417, 1.693, 1.081, 1.76]"
"[08, 3820]","[0.507, 0.0, 184.465, 1.979]"
"[08, 3840]","[52.232, 0.0, 0.0, 0.0]"
"[08, 3860]","[292.186, 2.872, 0.989, 0.515]"
"[08, 3880]","[0.0, 0.0, 0.0, 63.156]"
"[08, 3900]","[2.161, 0.567, 212.804, 0.533]"
"[08, 3920]","[0.0, 220.477, 0.558, 0.0]"
"[08, 3940]","[0.0, 0.0, 0.47, 14.758]"
"[08, 3960]","[274.677, 0.0, 1.594, 0.0]"
"[08, 3980]","[185.463, 0.0, 0.0, 1.004]"
"[08, 4000]","[180.784, 0.695, 1.137, 0.0]"
"[08, 4020]","[0.503, 143.333, 0.0, 0.0]"
"[08, 4040]","[11.116, 0.0, 0.0, 0.0]"
"[08, 4060]","[0.0, 0.547, 0.0, 254.378]"
"[08, 4080]","[22.443, 0.0, 0.0, 0.0]"
"[08, 4100]","[1.149, 0.0, 0.99, 192.606]"
"[08, 4120]","[0.0, 0.95, 125.181, 0.995]"
"[08, 4140]","[0.0, 6.938, 0.0, 0.0]"
"[08, 4160]","[193.603, 0.665, 1.636, 0.0]"
"[08, 4180]","[45.99, 0.521, 0.0, 0.0]"
"[08, 4200]","[182.835, 1.147, 0.559, 0.488]"
"[08, 4220]","[38.019, 0.0, 0.0, 0.0]"
"[08, 4260]","[1.438, 0.0, 191.078, 0.0]"
"[08, 4280]","[0.0, 0.0, 0.0, 6.676]"
"[08, 4300]","[0.0, 0.536, 0.0, 76.109]"
"[08, 4320]","[0.0, 0.0, 0.0, 37.883]"
"[08, 4360]","[0.0, 87.892, 0.0, 0.0]"
"[08, 4380]","[0.0, 0.925, 0.0, 0.0]"
"[08, 4400]","[73.427, 0.0, 1.073, 0.0]"
"[08, 4420]","[0.0, 0.0, 14.036, 0.0]"
"[08, 4460]","[30.294, 0.0, 0.0, 0.0]"
"[08, 4500]","[0.567, 0.0, 0.486, 94.536]"
"[08, 4520]","[0.944, 0.0, 0.0, 0.0]"
"[08, 4560]","[0.0, 0.93, 41.009, 0.0]"
"[08, 4600]","[0.0, 0.0, 0.475, 35.657]"
"[08, 4620]","[0.0, 0.931, 0.0, 0.0]"
"[08, 4660]","[0.0, 0.0, 12.053, 0.0]"
"[08, 4700]","[0.0, 0.0, 0.0, 10.313]"
"[08, 4760]","[0.0, 0.935, 0.0, 0.0]"
"[08, 4800]","[0.0, 0.0, 0.0, 4.617]"
"[09, 2840]","[0.0, 0.0, 0.463, 0.0]"
"[09, 2880]","[0.463, 0.0, 0.0, 0.0]"
"[09, 2940]","[0.462, 0.0, 0.0, 0.0]"
"[09, 2960]","[0.0, 0.0, 0.462, 0.0]"
"[09, 2980]","[0.0, 0.0, 0.0, 0.462]"
"[09, 3040]","[0.0, 0.0, 3.698, 0.0]"
"[09, 3060]","[0.0, 1.391, 0.0, 0.0]"
"[09, 3080]","[0.0, 0.0, 0.0, 1.849]"
"[09, 3100]","[0.0, 0.0, 0.0, 0.465]"
"[09, 3120]","[0.0, 0.468, 11.533, 0.475]"
"[09, 3140]","[0.0, 1.393, 0.0, 0.0]"
"[09, 3160]","[0.0, 0.0, 1.389, 0.0]"
"[09, 3180]","[0.0, 0.0, 5.581, 0.0]"
"[09, 3200]","[0.0, 0.0, 0.0, 4.644]"
"[09, 3220]","[0.0, 5.117, 0.0, 0.0]"
"[09, 3240]","[12.977, 0.0, 0.0, 0.482]"
"[09, 3260]","[0.0, 8.795, 0.0, 0.0]"
"[09, 3280]","[11.188, 0.0, 0.0, 0.0]"
"[09, 3300]","[0.0, 0.0, 17.081, 0.0]"
"[09, 3320]","[0.0, 0.0, 19.948, 0.0]"
"[09, 3340]","[0.0, 20.765, 0.0, 0.0]"
"[09, 3360]","[0.0, 0.0, 3.28, 0.0]"
"[09, 3380]","[10.395, 0.0, 0.0, 0.0]"
"[09, 3400]","[0.0, 0.0, 0.0, 9.709]"
"[09, 3420]","[0.0, 0.0, 0.0, 18.895]"
"[09, 3440]","[31.253, 0.481, 0.0, 0.481]"
"[09, 3460]","[27.77, 0.0, 0.0, 0.0]"
"[09, 3480]","[0.0, 51.313, 0.0, 0.488]"
"[09, 3500]","[34.085, 0.0, 0.98, 0.0]"
"[09, 3520]","[0.0, 0.0, 0.543, 63.441]"
"[09, 3540]","[0.0, 40.645, 0.0, 0.483]"
"[09, 3560]","[0.0, 0.0, 17.232, 0.0]"
"[09, 3580]","[0.0, 0.0, 59.192, 0.0]"
"[09, 3600]","[0.0, 0.0, 46.59, 0.483]"
"[09, 3620]","[1.552, 0.488, 0.0, 110.125]"
"[09, 3640]","[19.315, 0.0, 0.0, 0.0]"
"[09, 3660]","[0.534, 112.093, 0.475, 0.0]"
"[09, 3680]","[0.0, 0.0, 53.905, 0.0]"
"[09, 3700]","[0.0, 32.154, 0.0, 0.536]"
"[09, 3720]","[0.52, 0.0, 0.0, 126.551]"
"[09, 3740]","[75.32, 0.0, 0.0, 0.484]"
"[09, 3760]","[0.0, 0.996, 171.048, 0.523]"
"[09, 3780]","[75.764, 0.478, 0.468, 0.0]"
"[09, 3800]","[108.667, 0.0, 0.0, 0.468]"
"[09, 3820]","[1.031, 0.0, 138.808, 0.0]"
"[09, 3840]","[28.643, 0.0, 0.0, 0.0]"
"[09, 3860]","[0.0, 0.0, 154.267, 0.498]"
"[09, 3880]","[0.0, 139.858, 0.0, 0.0]"
"[09, 3900]","[0.0, 103.031, 0.0, 0.0]"
"[09, 3920]","[0.726, 177.964, 1.643, 0.0]"
"[09, 3940]","[93.292, 0.484, 0.502, 0.0]"
"[09, 3960]","[185.863, 0.0, 0.719, 0.471]"
"[09, 3980]","[0.563, 148.8, 0.553, 0.469]"
"[09, 4000]","[61.399, 0.512, 0.0, 0.0]"
"[09, 4020]","[175.825, 0.0, 0.465, 1.126]"
"[09, 4040]","[38.401, 0.0, 0.0, 0.0]"
"[09, 4060]","[0.977, 1.204, 343.708, 0.664]"
"[09, 4080]","[0.0, 0.0, 119.86, 0.0]"
"[09, 4100]","[0.0, 0.0, 136.222, 0.0]"
"[09, 4120]","[0.522, 0.662, 1.964, 405.376]"
"[09, 4140]","[0.478, 0.0, 0.0, 41.996]"
"[09, 4160]","[1.15, 0.0, 2.268, 206.564]"
"[09, 4180]","[0.0, 0.0, 93.625, 1.005]"
"[09, 4200]","[1.645, 1.137, 1.121, 269.37]"
"[09, 4220]","[0.502, 1.032, 238.446, 0.596]"
"[09, 4240]","[0.483, 0.953, 0.0, 76.911]"
"[09, 4260]","[1.376, 0.578, 0.513, 305.054]"
"[09, 4280]","[0.475, 0.0, 99.917, 0.0]"
"[09, 4300]","[0.0, 0.0, 0.964, 176.734]"
"[09, 4320]","[276.825, 0.0, 0.0, 0.484]"
"[09, 4340]","[20.272, 0.0, 0.0, 0.0]"
"[09, 4360]","[1.744, 1.853, 347.934, 1.185]"
"[09, 4380]","[148.326, 0.538, 0.0, 0.508]"
"[09, 4400]","[1.043, 296.908, 0.0, 0.529]"
"[09, 4420]","[0.568, 1.618, 2.071, 204.184]"
"[09, 4440]","[0.0, 0.0, 20.418, 0.0]"
"[09, 4460]","[0.0, 0.555, 165.865, 1.201]"
"[09, 4480]","[0.533, 105.141, 0.48, 0.463]"
"[09, 4500]","[0.0, 138.316, 0.0, 1.136]"
"[09, 4520]","[0.508, 0.517, 0.546, 91.473]"
"[09, 4540]","[12.076, 0.0, 0.0, 0.0]"
"[09, 4560]","[0.0, 250.368, 1.677, 0.607]"
"[09, 4580]","[0.496, 0.0, 0.0, 67.739]"
"[09, 4600]","[0.0, 168.994, 0.0, 1.102]"
"[09, 4620]","[0.504, 0.0, 0.951, 108.55]"
"[09, 4640]","[0.0, 0.0, 2.79, 0.0]"
"[09, 4660]","[162.936, 1.072, 1.299, 1.009]"
"[09, 4680]","[0.0, 0.0, 16.923, 0.0]"
"[09, 4700]","[0.561, 0.483, 2.071, 144.823]"
"[09, 4720]","[51.165, 0.0, 0.0, 0.0]"
"[09, 4740]","[0.0, 0.0, 0.0, 2.322]"
"[09, 4760]","[159.955, 1.108, 0.511, 0.0]"
"[09, 4780]","[0.0, 0.0, 12.22, 0.0]"
"[09, 4800]","[0.505, 0.958, 123.069, 0.0]"
"[09, 4820]","[21.817, 0.0, 0.0, 0.0]"
"[09, 4860]","[0.0, 99.461, 0.498, 0.0]"
"[09, 4880]","[0.0, 0.0, 3.239, 0.0]"
"[09, 4900]","[0.0, 0.54, 60.534, 0.0]"
"[09, 4920]","[0.0, 23.047, 0.0, 0.0]"
"[09, 4960]","[0.0, 37.512, 0.0, 0.0]"
"[09, 4980]","[0.467, 0.0, 0.0, 0.0]"
"[09, 5000]","[38.572, 0.502, 0.468, 0.0]"
"[09, 5020]","[4.181, 0.0, 0.0, 0.0]"
"[09, 5060]","[0.0, 0.0, 0.0, 19.418]"
"[09, 5100]","[0.466, 49.194, 0.0, 0.0]"
"[09, 5160]","[0.0, 0.0, 0.0, 15.796]"
"[09, 5200]","[0.0, 0.0, 0.0, 15.407]"
"[09, 5260]","[5.091, 0.0, 0.0, 0.0]"
"[09, 5300]","[0.0, 0.0, 6.93, 0.0]"
"[09, 5360]","[0.464, 0.0, 0.0, 0.0]"
"[09, 5400]","[0.0, 0.0, 1.886, 0.0]"
"[10, 3280]","[0.0, 0.937, 0.0, 0.0]"
"[10, 3340]","[0.0, 0.0, 0.0, 1.368]"
"[10, 3380]","[1.363, 0.0, 0.0, 0.0]"
"[10, 3420]","[0.0, 0.0, 0.0, 4.56]"
"[10, 3440]","[0.0, 0.467, 0.0, 0.0]"
"[10, 3460]","[1.403, 0.0, 0.0, 0.0]"
"[10, 3480]","[0.0, 0.0, 0.0, 0.469]"
"[10, 3500]","[1.373, 0.0, 0.0, 0.0]"
"[10, 3520]","[0.924, 0.0, 0.0, 0.0]"
"[10, 3540]","[5.045, 0.0, 0.0, 0.0]"
"[10, 3560]","[1.377, 0.0, 0.0, 0.0]"
"[10, 3580]","[0.0, 0.0, 0.927, 0.0]"
"[10, 3600]","[0.0, 6.9, 0.0, 0.0]"
"[10, 3620]","[0.0, 0.0, 0.0, 12.391]"
"[10, 3640]","[0.0, 9.291, 0.0, 0.0]"
"[10, 3660]","[0.0, 4.186, 0.465, 0.0]"
"[10, 3680]","[0.0, 0.0, 0.0, 6.93]"
"[10, 3700]","[0.0, 0.0, 0.0, 5.974]"
"[10, 3720]","[14.639, 0.0, 0.0, 0.461]"
"[10, 3740]","[0.0, 0.0, 15.578, 0.0]"
"[10, 3760]","[5.571, 0.0, 0.0, 0.0]"
"[10, 3780]","[0.0, 0.0, 17.942, 0.0]"
"[10, 3800]","[11.645, 0.0, 0.0, 0.0]"
"[10, 3820]","[29.759, 0.0, 0.0, 0.472]"
"[10, 3840]","[28.979, 0.0, 0.0, 0.0]"
"[10, 3860]","[0.0, 18.568, 0.0, 0.474]"
"[10, 3880]","[0.0, 0.456, 0.0, 45.673]"
"[10, 3900]","[32.905, 0.0, 0.0, 0.0]"
"[10, 3920]","[0.0, 0.0, 48.273, 0.502]"
"[10, 3940]","[29.198, 0.0, 0.479, 0.0]"
"[10, 3960]","[20.651, 0.0, 0.0, 0.0]"
"[10, 3980]","[0.0, 0.0, 0.0, 30.221]"
"[10, 4000]","[0.0, 14.158, 0.0, 0.0]"
"[10, 4020]","[69.882, 0.0, 0.0, 0.0]"
"[10, 4040]","[0.0, 31.23, 0.0, 0.0]"
"[10, 4060]","[0.477, 120.411, 0.545, 0.527]"
"[10, 4080]","[44.535, 0.0, 0.0, 0.0]"
"[10, 4100]","[1.023, 0.0, 0.488, 58.29]"
"[10, 4120]","[0.0, 0.494, 0.496, 94.95]"
"[10, 4140]","[0.0, 0.0, 0.494, 45.909]"
"[10, 4160]","[0.0, 86.14, 0.977, 0.0]"
"[10, 4180]","[0.0, 79.64, 0.0, 0.508]"
"[10, 4200]","[0.0, 0.629, 0.0, 77.622]"
"[10, 4220]","[0.0, 91.03, 0.458, 0.493]"
"[10, 4240]","[46.615, 0.0, 0.539, 0.0]"
"[10, 4260]","[0.618, 115.987, 0.0, 0.0]"
"[10, 4280]","[0.972, 115.498, 0.0, 0.522]"
"[10, 4300]","[1.458, 89.587, 0.0, 0.0]"
"[10, 4320]","[0.698, 0.55, 0.0, 193.397]"
"[10, 4340]","[70.36, 0.0, 0.0, 0.0]"
"[10, 4360]","[1.18, 267.494, 1.08, 1.272]"
"[10, 4380]","[0.486, 0.0, 0.529, 142.655]"
"[10, 4400]","[0.479, 0.0, 107.689, 0.0]"
"[10, 4420]","[297.497, 0.613, 0.564, 0.695]"
"[10, 4440]","[67.163, 0.0, 0.0, 0.0]"
"[10, 4460]","[0.0, 0.0, 163.091, 0.491]"
"[10, 4480]","[0.0, 0.525, 0.466, 93.396]"
"[10, 4500]","[0.0, 0.0, 0.0, 171.256]"
"[10, 4520]","[0.0, 177.251, 0.0, 0.0]"
"[10, 4540]","[0.0, 0.474, 66.803, 0.0]"
"[10, 4560]","[0.536, 0.499, 304.225, 0.0]"
"[10, 4580]","[0.0, 0.0, 129.356, 0.0]"
"[10, 4600]","[139.378, 1.02, 0.5, 1.087]"
"[10, 4620]","[0.0, 0.0, 160.142, 0.0]"
"[10, 4640]","[0.0, 0.0, 16.927, 0.0]"
"[10, 4660]","[0.543, 0.666, 1.251, 287.696]"
"[10, 4680]","[84.381, 0.0, 0.0, 0.459]"
"[10, 4700]","[118.03, 0.0, 0.521, 0.478]"
"[10, 4720]","[387.906, 1.252, 1.017, 1.505]"
"[10, 4740]","[0.0, 0.479, 0.0, 49.394]"
"[10, 4760]","[1.147, 216.123, 0.541, 0.0]"
"[10, 4780]","[138.613, 0.482, 0.0, 1.468]"
"[10, 4800]","[0.546, 0.581, 0.0, 283.885]"
"[10, 4820]","[201.528, 0.516, 0.544, 0.487]"
"[10, 4840]","[40.901, 0.0, 1.059, 0.0]"
"[10, 4860]","[263.817, 1.132, 1.882, 2.104]"
"[10, 4880]","[0.481, 0.0, 139.621, 1.586]"
"[10, 4900]","[1.716, 1.047, 0.667, 208.24]"
"[10, 4920]","[142.872, 0.663, 0.0, 0.0]"
"[10, 4940]","[18.891, 0.0, 0.0, 0.0]"
"[10, 4960]","[1.18, 1.073, 282.99, 2.224]"
"[10, 4980]","[0.0, 54.885, 0.0, 0.0]"
"[10, 5000]","[211.84, 0.486, 1.665, 0.0]"
"[10, 5020]","[0.0, 114.043, 0.0, 0.0]"
"[10, 5040]","[0.0, 0.0, 0.0, 12.111]"
"[10, 5060]","[0.0, 0.54, 1.5, 179.834]"
"[10, 5080]","[0.502, 40.836, 0.0, 0.0]"
"[10, 5100]","[120.752, 0.0, 0.464, 0.485]"
"[10, 5120]","[0.0, 1.095, 0.0, 83.434]"
"[10, 5140]","[1.908, 0.0, 0.0, 0.0]"
"[10, 5160]","[0.585, 173.893, 0.558, 0.507]"
"[10, 5180]","[34.141, 0.0, 0.0, 0.0]"
"[10, 5200]","[0.0, 0.531, 0.0, 105.603]"
"[10, 5220]","[0.478, 69.146, 0.476, 0.0]"
"[10, 5240]","[0.0, 0.0, 0.0, 0.456]"
"[10, 5260]","[128.267, 0.0, 0.476, 0.485]"
"[10, 5280]","[0.0, 0.0, 6.931, 0.0]"
"[10, 5300]","[102.741, 0.478, 1.05, 0.951]"
"[10, 5320]","[0.0, 0.482, 30.477, 0.0]"
"[10, 5340]","[0.0, 0.0, 0.0, 0.912]"
"[10, 5360]","[0.998, 0.0, 0.456, 84.599]"
"[10, 5380]","[0.0, 0.0, 0.0, 5.104]"
"[10, 5400]","[0.0, 0.0, 71.982, 0.59]"
"[10, 5420]","[0.0, 10.787, 0.0, 0.0]"
"[10, 5460]","[0.0, 0.0, 40.509, 0.0]"
"[10, 5480]","[0.0, 0.45, 0.0, 0.0]"
"[10, 5500]","[0.0, 0.0, 0.477, 56.361]"
"[10, 5520]","[0.0, 0.0, 5.533, 0.0]"
"[10, 5560]","[0.0, 13.208, 0.0, 0.0]"
"[10, 5600]","[0.0, 0.0, 0.0, 17.679]"
"[10, 5620]","[0.0, 1.43, 0.0, 0.0]"
"[10, 5660]","[11.534, 0.0, 0.0, 0.0]"
"[10, 5700]","[0.0, 21.814, 0.0, 0.0]"
"[10, 5760]","[7.405, 0.0, 0.0, 0.0]"
"[10, 5800]","[0.0, 0.0, 0.0, 6.447]"
"[10, 5860]","[0.0, 0.0, 1.825, 0.0]"
"[10, 5900]","[0.0, 0.0, 3.228, 0.0]"
"[11, 3560]","[0.0, 0.0, 0.457, 0.0]"
"[11, 3620]","[0.0, 0.467, 0.0, 0.0]"
"[11, 3700]","[1.806, 0.0, 0.0, 0.0]"
"[11, 3740]","[0.467, 0.0, 0.0, 0.0]"
"[11, 3760]","[0.45, 0.0, 0.0, 0.0]"
"[11, 3860]","[0.0, 0.937, 0.0, 0.0]"
"[11, 3880]","[0.0, 0.0, 0.915, 0.0]"
"[11, 3900]","[0.0, 5.98, 0.0, 0.0]"
"[11, 3920]","[0.0, 0.0, 0.0, 1.838]"
"[11, 3940]","[0.0, 0.0, 0.0, 2.314]"
"[11, 3960]","[0.0, 4.621, 0.0, 0.0]"
"[11, 3980]","[0.0, 0.0, 2.315, 0.0]"
"[11, 4000]","[2.772, 0.0, 0.0, 0.0]"
"[11, 4020]","[0.0, 7.836, 0.0, 0.0]"
"[11, 4040]","[0.0, 0.0, 1.397, 0.0]"
"[11, 4060]","[0.0, 12.487, 0.0, 0.0]"
"[11, 4080]","[5.96, 0.0, 0.0, 0.0]"
"[11, 4100]","[0.0, 0.0, 3.69, 0.0]"
"[11, 4120]","[8.359, 0.0, 0.0, 0.0]"
"[11, 4140]","[6.464, 0.0, 0.0, 0.0]"
"[11, 4160]","[0.0, 21.117, 0.0, 0.0]"
"[11, 4180]","[0.474, 11.129, 0.0, 0.0]"
"[11, 4200]","[0.0, 0.0, 0.0, 23.229]"
"[11, 4220]","[9.783, 0.0, 0.0, 0.0]"
"[11, 4240]","[0.0, 0.0, 0.0, 18.853]"
"[11, 4260]","[0.0, 0.0, 0.0, 31.534]"
"[11, 4280]","[0.0, 0.0, 13.442, 0.0]"
"[11, 4300]","[0.469, 0.0, 0.0, 16.986]"
"[11, 4320]","[0.497, 18.315, 0.0, 0.0]"
"[11, 4340]","[0.0, 24.841, 0.0, 0.0]"
"[11, 4360]","[0.0, 0.0, 0.471, 30.92]"
"[11, 4380]","[0.0, 39.531, 0.0, 0.0]"
"[11, 4400]","[0.0, 48.993, 0.0, 0.0]"
"[11, 4420]","[37.791, 0.0, 0.0, 0.47]"
"[11, 4440]","[60.345, 0.485, 0.0, 0.0]"
"[11, 4460]","[0.0, 0.0, 46.133, 0.0]"
"[11, 4480]","[100.514, 0.458, 0.489, 1.03]"
"[11, 4500]","[0.0, 41.295, 0.0, 0.0]"
"[11, 4520]","[0.0, 17.62, 0.0, 0.0]"
"[11, 4540]","[39.307, 0.0, 0.0, 0.0]"
"[11, 4560]","[0.49, 0.473, 37.577, 0.0]"
"[11, 4580]","[72.388, 0.0, 0.0, 0.0]"
"[11, 4600]","[0.536, 137.419, 0.0, 0.992]"
"[11, 4620]","[24.913, 0.527, 0.0, 0.0]"
"[11, 4640]","[0.0, 0.0, 0.0, 117.509]"
"[11, 4660]","[0.0, 0.0, 90.276, 0.499]"
"[11, 4680]","[0.0, 113.189, 0.95, 0.0]"
"[11, 4700]","[134.892, 0.514, 1.043, 0.0]"
"[11, 4720]","[0.981, 0.0, 0.498, 81.159]"
"[11, 4740]","[0.0, 0.0, 102.993, 0.0]"
"[11, 4760]","[0.958, 0.983, 0.0, 94.963]"
"[11, 4780]","[0.0, 0.989, 0.0, 229.596]"
"[11, 4800]","[0.0, 0.0, 0.0, 73.042]"
"[11, 4820]","[0.508, 0.0, 0.535, 45.169]"
"[11, 4840]","[0.0, 1.097, 1.208, 275.168]"
"[11, 4860]","[0.0, 0.0, 130.111, 0.574]"
"[11, 4880]","[0.0, 0.0, 0.0, 91.634]"
"[11, 4900]","[0.948, 163.674, 0.555, 1.515]"
"[11, 4920]","[0.0, 0.0, 0.474, 65.01]"
"[11, 4940]","[330.672, 1.65, 1.528, 1.085]"
"[11, 4960]","[89.652, 0.0, 0.0, 0.947]"
"[11, 4980]","[0.0, 0.0, 113.219, 0.0]"
"[11, 5000]","[0.54, 0.0, 0.0, 140.588]"
"[11, 5020]","[0.509, 117.456, 0.0, 0.459]"
"[11, 5040]","[115.77, 0.0, 0.0, 0.0]"
"[11, 5060]","[86.687, 0.0, 0.0, 0.924]"
"[11, 5080]","[1.457, 0.563, 286.423, 1.111]"
"[11, 5100]","[0.0, 0.0, 142.988, 0.46]"
"[11, 5120]","[0.0, 0.0, 0.0, 107.59]"
"[11, 5140]","[2.272, 1.066, 314.262, 2.459]"
"[11, 5160]","[89.71, 0.521, 0.502, 0.0]"
"[11, 5180]","[1.198, 0.524, 260.288, 2.916]"
"[11, 5200]","[0.0, 0.967, 0.0, 143.053]"
"[11, 5220]","[0.0, 0.488, 0.515, 43.62]"
"[11, 5240]","[1.773, 5.016, 2.879, 358.473]"
"[11, 5260]","[0.486, 0.0, 0.0, 46.526]"
"[11, 5280]","[0.524, 193.32, 0.0, 0.0]"
"[11, 5300]","[0.967, 0.931, 0.465, 151.486]"
"[11, 5320]","[90.311, 0.0, 0.483, 0.0]"
"[11, 5340]","[0.507, 222.686, 1.608, 0.996]"
"[11, 5360]","[0.0, 51.792, 0.0, 0.0]"
"[11, 5380]","[2.013, 0.53, 220.438, 0.591]"
"[11, 5400]","[1.511, 0.0, 143.455, 0.0]"
"[11, 5420]","[0.982, 0.0, 0.0, 139.26]"
"[11, 5440]","[1.007, 163.87, 0.0, 0.53]"
"[11, 5460]","[60.426, 0.0, 0.0, 0.0]"
"[11, 5480]","[243.611, 0.502, 0.616, 0.471]"
"[11, 5500]","[0.0, 0.463, 65.214, 0.0]"
"[11, 5520]","[113.5, 0.0, 0.0, 0.0]"
"[11, 5540]","[0.0, 1.516, 118.697, 0.0]"
"[11, 5560]","[0.0, 21.732, 0.0, 0.0]"
"[11, 5580]","[167.424, 1.703, 0.0, 0.995]"
"[11, 5600]","[0.572, 65.034, 0.546, 0.0]"
"[11, 5620]","[0.0, 0.0, 46.684, 0.517]"
"[11, 5640]","[0.0, 156.536, 0.472, 0.551]"
"[11, 5660]","[0.0, 18.748, 0.453, 0.0]"
"[11, 5680]","[0.542, 135.561, 0.478, 1.003]"
"[11, 5700]","[0.0, 0.0, 0.0, 39.452]"
"[11, 5720]","[0.0, 0.583, 0.471, 62.842]"
"[11, 5740]","[1.44, 1.47, 0.0, 70.955]"
"[11, 5760]","[0.0, 0.0, 5.105, 0.0]"
"[11, 5780]","[0.0, 100.608, 0.0, 0.0]"
"[11, 5800]","[0.466, 22.62, 0.0, 0.452]"
"[11, 5820]","[31.856, 0.0, 0.0, 0.0]"
"[11, 5840]","[44.05, 0.0, 0.0, 0.462]"
"[11, 5860]","[0.0, 0.0, 0.0, 2.36]"
"[11, 5880]","[0.509, 0.0, 47.065, 0.0]"
"[11, 5900]","[0.463, 0.0, 10.06, 0.0]"
"[11, 5920]","[0.486, 22.125, 0.508, 0.0]"
"[11, 5940]","[0.0, 41.136, 0.0, 0.0]"
"[11, 5960]","[0.0, 1.39, 0.0, 0.0]"
"[11, 5980]","[0.0, 46.362, 0.0, 0.481]"
"[11, 6000]","[0.0, 0.0, 2.32, 0.0]"
"[11, 6020]","[0.0, 0.0, 0.0, 7.539]"
"[11, 6040]","[0.0, 0.0, 0.0, 15.025]"
"[11, 6060]","[0.0, 0.0, 0.0, 0.47]"
"[11, 6080]","[31.68, 0.0, 0.0, 0.512]"
"[11, 6100]","[0.0, 0.0, 0.0, 2.28]"
"[11, 6120]","[0.0, 0.0, 0.0, 13.208]"
"[11, 6140]","[3.291, 0.0, 0.0, 0.0]"
"[11, 6180]","[0.0, 0.0, 0.0, 13.687]"
"[11, 6220]","[0.0, 0.0, 3.668, 0.0]"
"[11, 6240]","[0.0, 0.0, 2.276, 0.0]"
"[11, 6280]","[0.0, 0.0, 10.044, 0.0]"
"[11, 6320]","[0.0, 0.0, 1.832, 0.0]"
"[11, 6340]","[0.0, 0.0, 0.0, 0.9]"
"[11, 6380]","[0.0, 3.2, 0.0, 0.0]"
"[11, 6420]","[0.0, 0.472, 0.0, 0.0]"
"[11, 6440]","[0.0, 0.939, 0.0, 0.0]"
"[11, 6480]","[0.0, 1.384, 0.0, 0.0]"
"[12, 4040]","[0.0, 0.0, 0.468, 0.0]"
"[12, 4080]","[0.0, 0.475, 0.0, 0.0]"
"[12, 4140]","[0.0, 0.0, 0.0, 0.456]"
"[12, 4160]","[0.0, 0.475, 0.0, 0.0]"
"[12, 4200]","[0.458, 0.0, 0.0, 0.0]"
"[12, 4220]","[0.0, 0.0, 0.0, 1.855]"
"[12, 4240]","[0.483, 0.0, 0.0, 0.0]"
"[12, 4260]","[1.38, 0.0, 0.0, 0.0]"
"[12, 4280]","[0.0, 0.0, 1.878, 0.0]"
"[12, 4300]","[0.0, 0.0, 0.0, 0.485]"
"[12, 4320]","[4.194, 0.0, 0.0, 0.0]"
"[12, 4340]","[0.0, 0.925, 0.0, 0.0]"
"[12, 4360]","[0.0, 0.0, 0.0, 0.476]"
"[12, 4380]","[0.0, 0.0, 0.0, 2.793]"
"[12, 4400]","[0.0, 1.898, 0.0, 0.0]"
"[12, 4420]","[2.377, 0.0, 0.0, 0.0]"
"[12, 4440]","[0.0, 0.0, 8.474, 0.0]"
"[12, 4460]","[0.0, 0.0, 1.891, 0.0]"
"[12, 4480]","[16.21, 0.949, 0.0, 0.0]"
"[12, 4500]","[0.0, 2.823, 0.0, 0.0]"
"[12, 4520]","[0.0, 10.142, 0.0, 0.0]"
"[12, 4540]","[0.0, 19.787, 0.0, 0.0]"
"[12, 4560]","[8.841, 0.0, 0.0, 0.0]"
"[12, 4580]","[16.66, 0.0, 0.0, 0.48]"
"[12, 4600]","[0.0, 13.421, 0.0, 0.0]"
"[12, 4620]","[0.0, 0.0, 2.939, 0.0]"
"[12, 4640]","[0.0, 0.0, 22.703, 0.0]"
"[12, 4660]","[0.459, 6.52, 0.0, 0.0]"
"[12, 4680]","[12.553, 0.0, 0.0, 0.0]"
"[12, 4700]","[0.0, 0.0, 0.0, 7.198]"
"[12, 4720]","[0.0, 0.0, 0.0, 12.509]"
"[12, 4740]","[0.0, 28.198, 0.0, 0.0]"
"[12, 4760]","[0.0, 0.0, 26.191, 0.0]"
"[12, 4780]","[0.479, 0.0, 0.0, 24.383]"
"[12, 4800]","[28.225, 0.0, 0.0, 0.0]"
"[12, 4820]","[0.0, 0.0, 37.546, 0.0]"
"[12, 4840]","[0.474, 0.459, 0.0, 43.203]"
"[12, 4860]","[0.0, 35.819, 0.461, 0.509]"
"[12, 4880]","[0.0, 30.813, 0.0, 0.0]"
"[12, 4900]","[0.0, 0.0, 55.992, 0.0]"
"[12, 4920]","[0.0, 0.991, 82.693, 0.0]"
"[12, 4940]","[53.965, 0.0, 0.548, 0.478]"
"[12, 4960]","[53.943, 0.502, 0.0, 0.0]"
"[12, 4980]","[0.512, 0.0, 41.63, 0.0]"
"[12, 5000]","[106.261, 0.488, 0.0, 0.0]"
"[12, 5020]","[0.0, 0.0, 107.514, 0.0]"
"[12, 5040]","[69.013, 0.0, 0.0, 0.0]"
"[12, 5060]","[0.563, 132.662, 0.0, 0.0]"
"[12, 5080]","[0.0, 0.0, 54.995, 0.0]"
"[12, 5100]","[90.679, 0.52, 0.473, 0.482]"
"[12, 5120]","[1.548, 0.0, 0.525, 196.316]"
"[12, 5140]","[0.0, 67.458, 0.0, 0.485]"
"[12, 5160]","[0.0, 0.0, 70.088, 0.0]"
"[12, 5180]","[1.022, 92.444, 0.472, 0.533]"
"[12, 5200]","[0.0, 1.495, 51.365, 0.484]"
"[12, 5220]","[0.483, 128.053, 0.987, 1.131]"
"[12, 5240]","[0.0, 0.0, 60.62, 0.0]"
"[12, 5260]","[0.569, 100.505, 0.559, 0.0]"
"[12, 5280]","[101.228, 0.502, 1.071, 1.484]"
"[12, 5300]","[0.0, 0.0, 0.0, 90.555]"
"[12, 5320]","[0.0, 0.583, 0.0, 126.72]"
"[12, 5340]","[0.0, 0.0, 0.0, 62.447]"
"[12, 5360]","[1.156, 1.532, 1.107, 334.637]"
"[12, 5380]","[152.74, 0.503, 0.0, 0.0]"
"[12, 5400]","[0.0, 0.0, 75.874, 0.0]"
"[12, 5420]","[251.824, 0.645, 2.34, 0.0]"
"[12, 5440]","[1.042, 114.269, 0.0, 0.459]"
"[12, 5460]","[246.387, 0.0, 1.535, 0.471]"
"[12, 5480]","[0.0, 151.562, 1.104, 0.0]"
"[12, 5500]","[0.0, 90.828, 0.487, 0.513]"
"[12, 5520]","[0.546, 1.06, 257.799, 1.042]"
"[12, 5540]","[1.007, 60.737, 0.496, 0.0]"
"[12, 5560]","[0.0, 0.0, 97.969, 0.0]"
"[12, 5580]","[170.173, 0.553, 0.513, 0.481]"
"[12, 5600]","[0.496, 0.542, 143.507, 1.031]"
"[12, 5620]","[0.0, 0.585, 0.0, 114.589]"
"[12, 5640]","[0.0, 0.0, 48.303, 0.0]"
"[12, 5660]","[269.306, 1.761, 1.068, 1.213]"
"[12, 5680]","[0.994, 0.0, 1.026, 120.93]"
"[12, 5700]","[1.007, 1.125, 242.934, 0.523]"
"[12, 5720]","[0.501, 0.484, 0.0, 143.29]"
"[12, 5740]","[0.0, 0.0, 0.518, 76.172]"
"[12, 5760]","[1.179, 0.631, 1.017, 257.286]"
"[12, 5780]","[0.466, 1.967, 113.689, 0.0]"
"[12, 5800]","[70.625, 0.0, 0.0, 0.0]"
"[12, 5820]","[0.478, 0.458, 1.043, 233.035]"
"[12, 5840]","[0.0, 51.828, 0.0, 0.0]"
"[12, 5860]","[187.18, 0.943, 0.0, 0.483]"
"[12, 5880]","[0.0, 0.51, 0.48, 101.339]"
"[12, 5900]","[1.062, 213.416, 0.0, 0.539]"
"[12, 5920]","[0.472, 0.613, 0.508, 137.269]"
"[12, 5940]","[0.0, 88.256, 0.501, 0.0]"
"[12, 5960]","[0.518, 116.499, 0.536, 0.0]"
"[12, 5980]","[76.409, 0.0, 0.485, 0.0]"
"[12, 6000]","[1.065, 207.669, 1.472, 0.456]"
"[12, 6020]","[0.0, 0.502, 0.56, 117.7]"
"[12, 6040]","[0.0, 47.082, 0.0, 0.0]"
"[12, 6060]","[0.0, 184.668, 0.509, 0.583]"
"[12, 6080]","[38.953, 0.0, 0.0, 0.0]"
"[12, 6100]","[131.694, 0.0, 0.0, 0.0]"
"[12, 6120]","[0.0, 0.0, 0.56, 53.031]"
"[12, 6140]","[26.805, 0.0, 0.512, 0.0]"
"[12, 6160]","[0.0, 0.478, 0.0, 83.74]"
"[12, 6180]","[0.0, 0.0, 0.0, 28.054]"
"[12, 6200]","[0.0, 0.99, 84.039, 0.478]"
"[12, 6220]","[0.482, 0.961, 61.863, 0.485]"
"[12, 6240]","[0.0, 0.0, 29.945, 0.0]"
"[12, 6260]","[0.511, 74.155, 0.456, 0.0]"
"[12, 6280]","[20.424, 0.477, 0.0, 0.0]"
"[12, 6300]","[0.94, 0.0, 47.06, 0.0]"
"[12, 6320]","[41.064, 0.0, 0.0, 0.0]"
"[12, 6340]","[0.0, 0.0, 21.442, 0.0]"
"[12, 6360]","[0.0, 0.0, 0.513, 57.111]"
"[12, 6380]","[0.0, 8.424, 0.0, 0.0]"
"[12, 6400]","[0.0, 0.458, 57.029, 0.483]"
"[12, 6420]","[0.0, 14.913, 0.0, 0.0]"
"[12, 6440]","[0.0, 0.0, 0.0, 4.251]"
"[12, 6460]","[0.0, 0.0, 0.0, 26.673]"
"[12, 6480]","[0.0, 0.0, 4.724, 0.0]"
"[12, 6500]","[0.0, 0.0, 0.0, 26.479]"
"[12, 6520]","[0.0, 0.0, 12.546, 0.0]"
"[12, 6540]","[2.345, 0.0, 0.0, 0.0]"
"[12, 6560]","[0.0, 0.0, 14.097, 0.0]"
"[12, 6600]","[12.663, 0.0, 0.0, 0.0]"
"[12, 6620]","[0.0, 11.026, 0.0, 0.0]"
"[12, 6640]","[0.0, 2.787, 0.0, 0.0]"
"[12, 6660]","[0.0, 0.0, 8.435, 0.0]"
"[12, 6680]","[0.0, 1.393, 0.0, 0.0]"
"[12, 6700]","[0.0, 7.007, 0.0, 0.0]"
"[12, 6740]","[0.0, 0.0, 0.0, 1.401]"
"[12, 6760]","[6.523, 0.0, 0.0, 0.0]"
"[12, 6800]","[5.097, 0.0, 0.0, 0.0]"
"[12, 6820]","[0.0, 0.0, 0.0, 1.865]"
"[12, 6840]","[0.916, 0.0, 0.0, 0.0]"
"[12, 6860]","[5.561, 0.0, 0.0, 0.0]"
"[12, 6900]","[0.0, 1.418, 0.0, 0.0]"
"[12, 6920]","[0.0, 0.934, 0.0, 0.0]"
"[12, 6960]","[0.0, 0.0, 0.0, 1.843]"
"[12, 7060]","[0.0, 0.0, 0.468, 0.0]"
"[13, 4460]","[0.0, 0.475, 0.0, 0.0]"
"[13, 4520]","[0.0, 0.475, 0.0, 0.0]"
"[13, 4540]","[0.932, 0.0, 0.0, 0.0]"
"[13, 4580]","[0.925, 0.0, 0.0, 0.0]"
"[13, 4600]","[0.0, 0.0, 0.0, 0.456]"
"[13, 4640]","[0.0, 0.932, 0.0, 0.0]"
"[13, 4700]","[0.0, 0.0, 0.0, 3.685]"
"[13, 4720]","[0.0, 0.0, 0.456, 0.0]"
"[13, 4740]","[0.458, 0.0, 0.0, 0.0]"
"[13, 4760]","[2.329, 0.0, 0.0, 0.0]"
"[13, 4780]","[0.0, 0.468, 0.0, 0.0]"
"[13, 4800]","[0.0, 0.0, 0.0, 2.318]"
"[13, 4820]","[0.0, 0.0, 0.475, 0.0]"
"[13, 4840]","[1.37, 0.0, 0.0, 0.0]"
"[13, 4860]","[10.103, 0.0, 0.0, 0.0]"
"[13, 4880]","[2.81, 0.0, 0.0, 0.0]"
"[13, 4900]","[0.0, 9.18, 0.475, 0.0]"
"[13, 4920]","[0.0, 0.0, 13.76, 0.0]"
"[13, 4940]","[0.0, 0.0, 6.508, 0.0]"
"[13, 4960]","[0.0, 20.884, 0.0, 0.0]"
"[13, 4980]","[0.0, 0.0, 0.0, 6.903]"
"[13, 5000]","[0.0, 1.854, 0.0, 0.0]"
"[13, 5020]","[5.53, 0.0, 0.0, 0.0]"
"[13, 5040]","[0.0, 10.641, 0.0, 0.0]"
"[13, 5060]","[0.0, 0.0, 0.0, 16.918]"
"[13, 5080]","[0.0, 0.0, 11.033, 0.0]"
"[13, 5100]","[15.531, 0.0, 0.0, 0.0]"
"[13, 5120]","[0.0, 21.788, 0.0, 0.0]"
"[13, 5140]","[0.0, 0.0, 16.545, 0.0]"
"[13, 5160]","[0.0, 24.891, 0.456, 0.0]"
"[13, 5180]","[0.0, 20.871, 0.0, 0.456]"
"[13, 5200]","[0.0, 0.0, 9.227, 0.456]"
"[13, 5220]","[25.807, 0.458, 0.0, 0.0]"
"[13, 5240]","[0.0, 0.0, 0.0, 56.46]"
"[13, 5260]","[0.458, 23.036, 0.0, 0.0]"
"[13, 5280]","[0.0, 0.475, 0.468, 14.266]"
"[13, 5300]","[0.0, 0.475, 0.0, 25.796]"
"[13, 5320]","[0.0, 0.0, 37.038, 0.923]"
"[13, 5340]","[0.468, 0.0, 70.205, 0.0]"
"[13, 5360]","[23.93, 0.468, 0.0, 0.0]"
"[13, 5380]","[0.0, 84.476, 0.0, 0.0]"
"[13, 5400]","[0.468, 55.806, 0.0, 0.0]"
"[13, 5420]","[0.458, 0.468, 55.174, 0.468]"
"[13, 5440]","[0.0, 0.458, 136.585, 0.475]"
"[13, 5460]","[0.0, 34.35, 0.0, 0.456]"
"[13, 5480]","[0.456, 0.0, 0.475, 87.86]"
"[13, 5500]","[0.0, 0.0, 0.0, 54.373]"
"[13, 5520]","[0.0, 81.492, 0.0, 0.456]"
"[13, 5540]","[56.827, 0.468, 0.0, 0.0]"
"[13, 5560]","[0.0, 0.458, 0.0, 81.312]"
"[13, 5580]","[0.475, 0.0, 0.456, 44.325]"
"[13, 5600]","[0.475, 0.0, 111.045, 0.475]"
"[13, 5620]","[0.475, 0.0, 0.0, 61.891]"
"[13, 5640]","[132.129, 0.0, 0.0, 0.0]"
"[13, 5660]","[85.622, 0.468, 0.923, 0.0]"
"[13, 5680]","[0.458, 0.0, 170.168, 0.0]"
"[13, 5700]","[0.0, 48.728, 0.0, 0.0]"
"[13, 5720]","[0.468, 0.0, 67.044, 0.0]"
"[13, 5740]","[0.935, 123.153, 0.0, 0.0]"
"[13, 5760]","[0.0, 105.176, 0.468, 0.0]"
"[13, 5780]","[61.497, 0.0, 0.0, 0.0]"
"[13, 5800]","[155.449, 0.0, 0.943, 0.911]"
"[13, 5820]","[0.0, 0.475, 0.475, 83.252]"
"[13, 5840]","[222.635, 0.932, 1.89, 0.0]"
"[13, 5860]","[125.938, 0.0, 0.0, 0.456]"
"[13, 5880]","[0.0, 0.468, 0.0, 112.397]"
"[13, 5900]","[0.0, 0.0, 0.0, 112.175]"
"[13, 5920]","[0.475, 0.0, 127.795, 0.0]"
"[13, 5940]","[141.286, 0.475, 0.0, 0.0]"
"[13, 5960]","[0.0, 0.0, 0.0, 127.678]"
"[13, 5980]","[0.0, 0.458, 0.0, 174.42]"
"[13, 6000]","[0.468, 0.915, 0.923, 153.049]"
"[13, 6020]","[0.468, 118.768, 0.0, 0.0]"
"[13, 6040]","[204.908, 0.0, 0.931, 0.0]"
"[13, 6060]","[0.0, 101.503, 0.0, 0.0]"
"[13, 6080]","[173.528, 0.0, 0.456, 1.366]"
"[13, 6100]","[87.547, 0.475, 0.0, 0.475]"
"[13, 6120]","[46.814, 0.95, 0.456, 0.0]"
"[13, 6140]","[0.925, 0.458, 203.814, 1.386]"
"[13, 6160]","[0.0, 40.12, 0.0, 0.468]"
"[13, 6180]","[140.164, 0.458, 0.475, 0.0]"
"[13, 6200]","[0.0, 0.925, 0.0, 97.971]"
"[13, 6220]","[0.0, 0.0, 95.073, 0.0]"
"[13, 6240]","[0.0, 0.458, 181.01, 0.475]"
"[13, 6260]","[0.0, 0.0, 0.0, 60.406]"
"[13, 6280]","[0.0, 0.458, 160.432, 0.475]"
"[13, 6300]","[0.0, 0.0, 0.0, 92.199]"
"[13, 6320]","[0.0, 0.0, 0.0, 123.193]"
"[13, 6340]","[0.0, 166.912, 0.0, 0.95]"
"[13, 6360]","[0.0, 0.0, 79.055, 0.0]"
"[13, 6380]","[0.456, 0.475, 212.3, 1.859]"
"[13, 6400]","[0.0, 67.152, 1.398, 0.475]"
"[13, 6420]","[0.0, 0.0, 0.0, 66.557]"
"[13, 6440]","[0.0, 0.475, 0.456, 183.743]"
"[13, 6460]","[0.0, 0.0, 52.993, 0.456]"
"[13, 6480]","[0.0, 150.72, 0.0, 0.0]"
"[13, 6500]","[0.0, 0.0, 0.0, 71.289]"
"[13, 6520]","[0.0, 0.925, 99.267, 0.456]"
"[13, 6540]","[93.622, 0.0, 0.456, 0.0]"
"[13, 6560]","[43.293, 0.0, 0.0, 0.475]"
"[13, 6580]","[72.904, 0.456, 0.456, 0.456]"
"[13, 6600]","[0.0, 0.0, 27.614, 0.0]"
"[13, 6620]","[0.458, 0.0, 84.811, 0.0]"
"[13, 6640]","[94.407, 0.458, 0.923, 0.0]"
"[13, 6660]","[26.708, 0.0, 0.456, 0.0]"
"[13, 6680]","[0.0, 0.458, 106.758, 0.0]"
"[13, 6700]","[0.0, 50.015, 0.0, 0.475]"
"[13, 6720]","[56.192, 0.0, 0.0, 0.0]"
"[13, 6740]","[0.0, 0.0, 0.0, 35.918]"
"[13, 6760]","[0.0, 0.0, 0.0, 18.66]"
"[13, 6780]","[56.628, 0.0, 0.0, 0.0]"
"[13, 6800]","[0.0, 0.0, 28.943, 0.0]"
"[13, 6820]","[0.0, 0.931, 0.0, 39.742]"
"[13, 6840]","[0.0, 30.221, 0.468, 0.0]"
"[13, 6860]","[0.0, 14.121, 0.0, 0.456]"
"[13, 6880]","[0.0, 45.064, 0.0, 0.0]"
"[13, 6900]","[0.0, 0.0, 4.656, 0.0]"
"[13, 6920]","[0.0, 0.0, 16.822, 0.0]"
"[13, 6940]","[0.0, 15.071, 0.468, 0.0]"
"[13, 6960]","[0.0, 0.0, 9.704, 0.475]"
"[13, 6980]","[34.818, 0.458, 0.0, 0.0]"
"[13, 7000]","[0.0, 0.0, 9.683, 0.0]"
"[13, 7020]","[0.0, 0.0, 15.545, 0.0]"
"[13, 7040]","[0.0, 0.0, 10.203, 0.0]"
"[13, 7060]","[3.239, 0.0, 0.0, 0.0]"
"[13, 7080]","[18.675, 0.468, 0.0, 0.0]"
"[13, 7100]","[0.0, 0.0, 0.0, 2.76]"
"[13, 7120]","[0.0, 0.0, 11.503, 0.0]"
"[13, 7140]","[0.0, 0.0, 0.0, 6.972]"
"[13, 7160]","[0.0, 0.0, 0.456, 0.0]"
"[13, 7180]","[0.0, 6.934, 0.0, 0.0]"
"[13, 7220]","[0.0, 4.639, 0.0, 0.0]"
"[13, 7240]","[0.0, 0.0, 0.0, 5.998]"
"[13, 7260]","[0.0, 0.0, 0.468, 0.0]"
"[13, 7280]","[0.0, 5.576, 0.0, 0.0]"
"[13, 7300]","[1.864, 0.0, 0.0, 0.0]"
"[13, 7320]","[0.0, 3.239, 0.0, 0.0]"
"[13, 7340]","[0.0, 0.0, 1.398, 0.0]"
"[13, 7360]","[0.475, 0.0, 0.0, 0.0]"
"[13, 7380]","[2.302, 0.0, 0.0, 0.0]"
"[13, 7420]","[0.0, 0.0, 0.923, 0.0]"
"[13, 7440]","[0.0, 0.458, 0.0, 0.0]"
"[13, 7480]","[0.0, 0.0, 0.0, 1.405]"
"[13, 7520]","[0.935, 0.0, 0.0, 0.0]"
"[13, 7540]","[0.0, 0.925, 0.0, 0.0]"
"[13, 7580]","[0.0, 0.0, 0.0, 0.456]"
"[14, 4920]","[0.0, 0.0, 0.0, 0.0]"
"[14, 4960]","[0.0, 0.0, 0.0, 0.0]"
"[14, 5020]","[0.0, 0.0, 0.0, 0.0]"
"[14, 5040]","[0.0, 0.0, 0.0, 0.0]"
"[14, 5060]","[0.0, 0.0, 0.0, 0.0]"
"[14, 5080]","[0.0, 0.0, 0.0, 0.0]"
"[14, 5120]","[0.0, 0.0, 0.0, 0.0]"
"[14, 5140]","[0.0, 0.0, 0.0, 0.0]"
"[14, 5160]","[0.0, 0.0, 0.0, 0.0]"
"[14, 5180]","[0.0, 0.0, 0.0, 0.0]"
"[14, 5200]","[0.0, 0.0, 0.0, 0.0]"
"[14, 5220]","[0.0, 0.0, 0.0, 0.0]"
"[14, 5240]","[0.0, 0.0, 0.0, 0.0]"
"[14, 5260]","[0.0, 0.0, 0.0, 0.0]"
"[14, 5280]","[0.0, 0.0, 0.0, 0.0]"
"[14, 5300]","[0.0, 0.0, 0.0, 0.0]"
"[14, 5320]","[0.0, 0.0, 0.0, 0.0]"
"[14, 5340]","[0.0, 0.0, 0.0, 0.0]"
"[14, 5360]","[0.0, 0.0, 0.0, 0.0]"
"[14, 5380]","[0.0, 0.0, 0.0, 0.0]"
"[14, 5400]","[0.0, 0.0, 0.0, 0.0]"
"[14, 5420]","[0.0, 0.0, 0.0, 0.0]"
"[14, 5440]","[0.0, 0.0, 0.0, 0.0]"
"[14, 5460]","[0.0, 0.0, 0.0, 0.0]"
"[14, 5480]","[0.0, 0.0, 0.0, 0.0]"
"[14, 5500]","[0.0, 0.0, 0.0, 0.0]"
"[14, 5520]","[0.0, 0.0, 0.0, 0.0]"
"[14, 5540]","[0.0, 0.0, 0.0, 0.0]"
"[14, 5560]","[0.0, 0.0, 0.0, 0.0]"
"[14, 5580]","[0.0, 0.0, 0.0, 0.0]"
"[14, 5600]","[0.0, 0.0, 0.0, 0.0]"
"[14, 5620]","[0.0, 0.0, 0.0, 0.0]"
"[14, 5640]","[0.0, 0.0, 0.0, 0.0]"
"[14, 5660]","[0.0, 0.0, 0.0, 0.0]"
"[14, 5680]","[0.0, 0.0, 0.0, 0.0]"
"[14, 5700]","[0.0, 0.0, 0.0, 0.0]"
"[14, 5720]","[0.0, 0.0, 0.0, 0.0]"
"[14, 5740]","[0.0, 0.0, 0.0, 0.0]"
"[14, 5760]","[0.0, 0.0, 0.0, 0.0]"
"[14, 5780]","[0.0, 0.0, 0.0, 0.0]"
"[14, 5800]","[0.0, 0.0, 0.0, 0.0]"
"[14, 5820]","[0.0, 0.0, 0.0, 0.0]"
"[14, 5840]","[0.0, 0.0, 0.0, 0.0]"
"[14, 5860]","[0.0, 0.0, 0.0, 0.0]"
"[14, 5880]","[0.0, 0.0, 0.0, 0.0]"
"[14, 5900]","[0.0, 0.0, 0.0, 0.0]"
"[14, 5920]","[0.0, 0.0, 0.0, 0.0]"
"[14, 5940]","[0.0, 0.0, 0.0, 0.0]"
"[14, 5960]","[0.0, 0.0, 0.0, 0.0]"
"[14, 5980]","[0.0, 0.0, 0.0, 0.0]"
"[14, 6000]","[0.0, 0.0, 0.0, 0.0]"
"[14, 6020]","[0.0, 0.0, 0.0, 0.0]"
"[14, 6040]","[0.0, 0.0, 0.0, 0.0]"
"[14, 6060]","[0.0, 0.0, 0.0, 0.0]"
"[14, 6080]","[0.0, 0.0, 0.0, 0.0]"
"[14, 6100]","[0.0, 0.0, 0.0, 0.0]"
"[14, 6120]","[0.0, 0.0, 0.0, 0.0]"
"[14, 6140]","[0.0, 0.0, 0.0, 0.0]"
"[14, 6160]","[0.0, 0.0, 0.0, 0.0]"
"[14, 6180]","[0.0, 0.0, 0.0, 0.0]"
"[14, 6200]","[0.0, 0.0, 0.0, 0.0]"
"[14, 6220]","[0.0, 0.0, 0.0, 0.0]"
"[14, 6240]","[0.0, 0.0, 0.0, 0.0]"
"[14, 6260]","[0.0, 0.0, 0.0, 0.0]"
"[14, 6280]","[0.0, 0.0, 0.0, 0.0]"
"[14, 6300]","[0.0, 0.0, 0.0, 0.0]"
"[14, 6320]","[0.0, 0.0, 0.0, 0.0]"
"[14, 6340]","[0.0, 0.0, 0.0, 0.0]"
"[14, 6360]","[0.0, 0.0, 0.0, 0.0]"
"[14, 6380]","[0.0, 0.0, 0.0, 0.0]"
"[14, 6400]","[0.0, 0.0, 0.0, 0.0]"
"[14, 6420]","[0.0, 0.0, 0.0, 0.0]"
"[14, 6440]","[0.0, 0.0, 0.0, 0.0]"
"[14, 6460]","[0.0, 0.0, 0.0, 0.0]"
"[14, 6480]","[0.0, 0.0, 0.0, 0.0]"
"[14, 6500]","[0.0, 0.0, 0.0, 0.0]"
"[14, 6520]","[0.0, 0.0, 0.0, 0.0]"
"[14, 6540]","[0.0, 0.0, 0.0, 0.0]"
"[14, 6560]","[0.0, 0.0, 0.0, 0.0]"
"[14, 6580]","[0.0, 0.0, 0.0, 0.0]"
"[14, 6600]","[0.0, 0.0, 0.0, 0.0]"
"[14, 6620]","[0.0, 0.0, 0.0, 0.0]"
"[14, 6640]","[0.0, 0.0, 0.0, 0.0]"
"[14, 6660]","[0.0, 0.0, 0.0, 0.0]"
"[14, 6680]","[0.0, 0.0, 0.0, 0.0]"
"[14, 6700]","[0.0, 0.0, 0.0, 0.0]"
"[14, 6720]","[0.0, 0.0, 0.0, 0.0]"
"[14, 6740]","[0.0, 0.0, 0.0, 0.0]"
"[14, 6760]","[0.0, 0.0, 0.0, 0.0]"
"[14, 6780]","[0.0, 0.0, 0.0, 0.0]"
"[14, 6800]","[0.0, 0.0, 0.0, 0.0]"
"[14, 6820]","[0.0, 0.0, 0.0, 0.0]"
"[14, 6840]","[0.0, 0.0, 0.0, 0.0]"
"[14, 6860]","[0.0, 0.0, 0.0, 0.0]"
"[14, 6880]","[0.0, 0.0, 0.0, 0.0]"
"[14, 6900]","[0.0, 0.0, 0.0, 0.0]"
"[14, 6920]","[0.0, 0.0, 0.0, 0.0]"
"[14, 6940]","[0.0, 0.0, 0.0, 0.0]"
"[14, 6960]","[0.0, 0.0, 0.0, 0.0]"
"[14, 6980]","[0.0, 0.0, 0.0, 0.0]"
"[14, 7000]","[0.0, 0.0, 0.0, 0.0]"
"[14, 7020]","[0.0, 0.0, 0.0, 0.0]"
"[14, 7040]","[0.0, 0.0, 0.0, 0.0]"
"[14, 7060]","[0.0, 0.0, 0.0, 0.0]"
"[14, 7080]","[0.0, 0.0, 0.0, 0.0]"
"[14, 7100]","[0.0, 0.0, 0.0, 0.0]"
"[14, 7120]","[0.0, 0.0, 0.0, 0.0]"
"[14, 7140]","[0.0, 0.0, 0.0, 0.0]"
"[14, 7160]","[0.0, 0.0, 0.0, 0.0]"
"[14, 7180]","[0.0, 0.0, 0.0, 0.0]"
"[14, 7200]","[0.0, 0.0, 0.0, 0.0]"
"[14, 7220]","[0.0, 0.0, 0.0, 0.0]"
"[14, 7240]","[0.0, 0.0, 0.0, 0.0]"
"[14, 7260]","[0.0, 0.0, 0.0, 0.0]"
"[14, 7280]","[0.0, 0.0, 0.0, 0.0]"
"[14, 7300]","[0.0, 0.0, 0.0, 0.0]"
"[14, 7320]","[0.0, 0.0, 0.0, 0.0]"
"[14, 7340]","[0.0, 0.0, 0.0, 0.0]"
"[14, 7360]","[0.0, 0.0, 0.0, 0.0]"
"[14, 7380]","[0.0, 0.0, 0.0, 0.0]"
"[14, 7400]","[0.0, 0.0, 0.0, 0.0]"
"[14, 7420]","[0.0, 0.0, 0.0, 0.0]"
"[14, 7440]","[0.0, 0.0, 0.0, 0.0]"
"[14, 7460]","[0.0, 0.0, 0.0, 0.0]"
"[14, 7480]","[0.0, 0.0, 0.0, 0.0]"
"[14, 7500]","[0.0, 0.0, 0.0, 0.0]"
"[14, 7520]","[0.0, 0.0, 0.0, 0.0]"
"[14, 7540]","[0.0, 0.0, 0.0, 0.0]"
"[14, 7560]","[0.0, 0.0, 0.0, 0.0]"
"[14, 7580]","[0.0, 0.0, 0.0, 0.0]"
"[14, 7600]","[0.0, 0.0, 0.0, 0.0]"
"[14, 7620]","[0.0, 0.0, 0.0, 0.0]"
"[14, 7640]","[0.0, 0.0, 0.0, 0.0]"
"[14, 7660]","[0.0, 0.0, 0.0, 0.0]"
"[14, 7680]","[0.0, 0.0, 0.0, 0.0]"
"[14, 7700]","[0.0, 0.0, 0.0, 0.0]"
"[14, 7720]","[0.0, 0.0, 0.0, 0.0]"
"[14, 7740]","[0.0, 0.0, 0.0, 0.0]"
"[14, 7760]","[0.0, 0.0, 0.0, 0.0]"
"[14, 7780]","[0.0, 0.0, 0.0, 0.0]"
"[14, 7800]","[0.0, 0.0, 0.0, 0.0]"
"[14, 7820]","[0.0, 0.0, 0.0, 0.0]"
"[14, 7840]","[0.0, 0.0, 0.0, 0.0]"
"[14, 7860]","[0.0, 0.0, 0.0, 0.0]"
"[14, 7900]","[0.0, 0.0, 0.0, 0.0]"
"[14, 7920]","[0.0, 0.0, 0.0, 0.0]"
"[14, 7940]","[0.0, 0.0, 0.0, 0.0]"
"[14, 7960]","[0.0, 0.0, 0.0, 0.0]"
"[14, 7980]","[0.0, 0.0, 0.0, 0.0]"
"[14, 8000]","[0.0, 0.0, 0.0, 0.0]"
"[14, 8020]","[0.0, 0.0, 0.0, 0.0]"
"[14, 8100]","[0.0, 0.0, 0.0, 0.0]"
